file_name,extension,size,duration,video_codec,audio_codec,resolution
CZAROWNICA I (Maleficent) (2014) (BluRay.4K.2160p.HEVC.H265.AC3) - oryginalny dubbing PL.mkv,.mkv,4.39 GB,1:37:28,hevc,ac3,3840x1600
Sonic The Hedgehog (2020) 1080p AV1 DDP Atmos [UnAV1Chain].mkv,.mkv,1.38 GB,1:38:54,av1,eac3,1920x804
The.Witcher.Sirens.Of.The.Deep.2025.1080p.WEB.H264-AccomplishedYak.mkv,.mkv,3.65 GB,1:31:57,h264,eac3,1920x1080
Han Solo.mp4,.mp4,1.24 GB,2:14:46,h264,aac,854x360
Rogue.One.2016.1080p.BluRay.x265.mp4,.mp4,2.09 GB,2:13:57,hevc,aac,1920x804
Star.Wars.Episode.I.The.Phantom.Menace.1999.1080p.BluRay.x265.mp4,.mp4,2.12 GB,2:16:11,hevc,aac,1920x804
Star.Wars.Episode.II.Attack.of.the.Clones.2002.1080p.BluRay.x265.mp4,.mp4,2.22 GB,2:22:29,hevc,aac,1920x804
Star.Wars.Episode.III.Revenge.of.the.Sith.2005.1080p.BluRay.x265.mp4,.mp4,2.18 GB,2:20:06,hevc,aac,1920x804
Star.Wars.Episode.IV.A.New.Hope.1977.1080p.BluRay.x265.mp4,.mp4,1.94 GB,2:04:44,hevc,aac,1920x804
Star.Wars.Episode.V.The.Empire.Strikes.Back.1980.1080p.BluRay.x265.mp4,.mp4,1.99 GB,2:07:23,hevc,aac,1920x804
Star.Wars.Episode.VI.Return.of.the.Jedi.1983.1080p.BluRay.x265.mp4,.mp4,2.10 GB,2:14:47,hevc,aac,1920x804
Asteriks i Obeliks Osiedle Bogów.mp4,.mp4,1.52 GB,1:22:04,h264,aac,1280x720
bracia lwie serce.mp4,.mp4,1.32 GB,1:41:51,mpeg4,aac,1280x720
Ekspres polarny.mp4,.mp4,1.73 GB,1:39:56,h264,aac,1280x528
Elf.mp4,.mp4,0.61 GB,1:36:43,h264,aac,852x480
Jumanji (1995).mp4,.mp4,1.08 GB,1:43:44,h264,aac,1280x720
Klaus.mp4,.mp4,1.93 GB,1:31:35,h264,aac,1280x720
Kubuś i Hefalumpy.mp4,.mp4,0.42 GB,1:09:05,h264,aac,854x480
Kubuś i przyjaciele.mp4,.mp4,0.64 GB,1:03:04,h264,aac,1280x720
Osobliwy dom Pani Peregrine.mp4,.mp4,1.17 GB,2:06:55,h264,aac,854x460
ParaNorman 2012 1080p BluRay x265.mp4,.mp4,1.44 GB,1:32:15,hevc,aac,1920x800
Planeta 51.mp4,.mp4,1.68 GB,1:31:01,h264,aac,1280x544
Planeta skarbów 1080p Lektor.mp4,.mp4,3.09 GB,1:35:23,h264,aac,1816x1080
Przygody Kubusia Puchatka.mp4,.mp4,0.49 GB,1:13:59,h264,aac,854x480
Ratchet i Clank.mp4,.mp4,1.65 GB,1:30:06,h264,aac,1280x720
Shazam.mp4,.mp4,0.65 GB,2:11:43,h264,aac,858x358
Bee.Movie.2007.1080p.BluRay.x265.mp4,.mp4,1.41 GB,1:30:40,hevc,aac,1920x1080
Chicken.Run.2000.1080p.BluRay.x265.mp4,.mp4,1.32 GB,1:24:45,hevc,aac,1920x1040
Flushed.Away.2006.1080p.BluRay.x265.mp4,.mp4,1.32 GB,1:25:02,hevc,aac,1920x1036
How.to.Train.Your.Dragon.2010.1080p.BluRay.x265.mp4,.mp4,1.53 GB,1:37:54,hevc,aac,1920x816
How.to.Train.Your.Dragon.2014.1080p.BluRay.x265.mp4,.mp4,1.59 GB,1:41:55,hevc,aac,1920x816
How.to.Train.Your.Dragon.2019.1080p.BluRay.x265.mp4,.mp4,1.62 GB,1:44:06,hevc,aac,1920x816
Kung.Fu.Panda.1.2008.1080p.BluRay.x265.mp4,.mp4,1.44 GB,1:32:09,hevc,aac,1920x816
Kung.Fu.Panda.2.2011.1080p.BluRay.x265.mp4,.mp4,1.41 GB,1:30:24,hevc,aac,1920x816
Kung.Fu.Panda.3.2016.1080p.BluRay.x265.mp4,.mp4,1.48 GB,1:34:54,hevc,aac,1920x816
Madagascar.1.2005.1080p.BluRay.x265.mp4,.mp4,1.34 GB,1:25:58,hevc,aac,1920x1080
Madagascar.2.Escape.2.Africa.2008.1080p.BluRay.x265.mp4,.mp4,1.39 GB,1:29:24,hevc,aac,1920x1080
Madagascar.3.Europes.Most.Wanted.2012.1080p.BluRay.x265.mp4,.mp4,1.45 GB,1:33:24,hevc,aac,1920x1080
Megamind.2010.1080p.BluRay.x265.mp4,.mp4,1.49 GB,1:35:34,hevc,aac,1920x816
Monsters.vs.Aliens.2009.1080p.BluRay.x265.mp4,.mp4,1.47 GB,1:34:21,hevc,aac,1920x816
Mr.Peabody.and.Sherman.2014.1080p.BluRay.x265.mp4,.mp4,1.44 GB,1:32:29,hevc,aac,1920x1040
Penguins.Of.Madagascar.2014.1080p.BluRay.x265.mp4,.mp4,1.43 GB,1:31:49,hevc,aac,1920x1040
Puss in Boots The Last Wish (2022) 2160p Eng Ac3 5.1 Sub Eng NUEng SnakeSPL MIRCrew.mkv,.mkv,2.51 GB,1:42:21,hevc,ac3,3840x1602
Puss.In.Boots.2011.1080p.BluRay.x265.mp4,.mp4,1.41 GB,1:30:14,hevc,aac,1916x816
Rise.of.the.Guardians.2012.1080p.BluRay.x265.mp4,.mp4,1.51 GB,1:37:11,hevc,aac,1920x1080
Shark.Tale.2004.1080p.BluRay.x265.mp4,.mp4,1.41 GB,1:30:10,hevc,aac,1920x1040
Shrek.1.2001.1080p.BluRay.x265.mkv,.mkv,1.47 GB,1:30:29,hevc,aac,1920x1080
Shrek.2.2004.1080p.BluRay.x265.mkv,.mkv,1.49 GB,1:32:58,hevc,aac,1920x1080
Shrek.3.2007.1080p.BluRay.x265.mkv,.mkv,1.51 GB,1:33:29,hevc,aac,1920x1080
Shrek.4.2010.1080p.BluRay.x265.mkv,.mkv,1.52 GB,1:33:19,hevc,aac,1920x816
Sinbad.Legend.of.the.Seven.Seas.2003.1080p.BluRay.x265.mp4,.mp4,1.34 GB,1:25:42,hevc,aac,1920x1036
Spirit.Stallion.Of.The.Cimarron.2002.1080p.BluRay.x265.mp4,.mp4,1.30 GB,1:23:28,hevc,aac,1920x820
The.Bad.Guys.2022.1080p.BluRay.x265.mp4,.mp4,1.56 GB,1:40:07,hevc,aac,1920x804
The.Croods.1.2013.1080p.BluRay.x265.mp4,.mp4,1.54 GB,1:38:36,hevc,aac,1920x816
The.Croods.2.A.New.Age.2020.1080p.BluRay.x265.mp4,.mp4,1.48 GB,1:35:14,hevc,aac,1920x814
The.Prince.of.Egypt.1998.1080p.BluRay.x265.mp4,.mp4,1.55 GB,1:39:10,hevc,aac,1920x1036
The.Road.To.El.Dorado.2000.1080p.BluRay.x265.mp4,.mp4,1.40 GB,1:29:49,hevc,aac,1920x1080
Wallace.And.Gromit.The.Curse.Of.The.Were-Rabbit.2005.1080p.BluRay.x265.mp4,.mp4,1.32 GB,1:24:59,hevc,aac,1920x1036
Despicable.Me.1.2010.1080p.BluRay.x265.mp4,.mp4,1.48 GB,1:34:48,hevc,aac,1920x1040
Despicable.Me.2.2013.1080p.BluRay.x265.mp4,.mp4,1.53 GB,1:37:58,hevc,aac,1920x1036
Despicable.Me.3.2017.1080p.BluRay.x265.mp4,.mp4,1.40 GB,1:29:40,hevc,aac,1920x804
Minions.2015.1080p.BluRay.x265.mp4,.mp4,1.42 GB,1:30:58,hevc,aac,1920x1036
Minions.The.Rise.of.Gru.2022.1080p.BluRay.x265.mp4,.mp4,1.36 GB,1:27:25,hevc,aac,1920x804
Sing.2016.1080p.BluRay.x265.mp4,.mp4,1.68 GB,1:47:53,hevc,aac,1920x1036
The.Grinch.2018.1080p.BluRay.x265.mp4,.mp4,1.34 GB,1:25:49,hevc,aac,1920x804
The.Lorax.2012.1080p.BluRay.x265.mp4,.mp4,1.35 GB,1:26:18,hevc,aac,1920x1040
Mulan.1998.1080p.BluRay.x265.mp4,.mp4,1.37 GB,1:27:50,hevc,aac,1816x1080
A.Bugs.Life.1998.1080p.BluRay.x265.mp4,.mp4,1.48 GB,1:34:53,hevc,aac,1920x816
Brave.2012.1080p.BluRay.x265.mp4,.mp4,1.47 GB,1:34:12,hevc,aac,1920x802
Cars.1.2006.1080p.BluRay.x265.srt.mp4,.mp4,1.82 GB,1:56:36,hevc,aac,1920x802
Cars.2.2011.1080p.BluRay.x265.mp4,.mp4,1.66 GB,1:46:16,hevc,aac,1920x802
Cars.3.2017.1080p.BluRay.x265.mp4,.mp4,1.60 GB,1:42:25,hevc,aac,1920x804
Coco.2017.1080p.BluRay.x265.mp4,.mp4,1.64 GB,1:45:02,hevc,aac,1920x804
Finding.Dory.2016.1080p.BluRay.x265.mp4,.mp4,1.51 GB,1:37:03,hevc,aac,1920x1080
Finding.Nemo.2003.1080p.BluRay.x265.mp4,.mp4,1.57 GB,1:40:54,hevc,aac,1920x1080
Inside.Out.2015.1080p.BluRay.x265.mp4,.mp4,1.47 GB,1:34:37,hevc,aac,1920x1080
Lightyear.2022.1080p.BluRay.x265.mp4,.mp4,1.64 GB,1:45:04,hevc,aac,1920x804
Monsters.Inc.2001.1080p.BluRay.x265.mp4,.mp4,1.43 GB,1:32:08,hevc,aac,1920x1038
Monsters.University.2013.1080p.BluRay.x265.mp4,.mp4,1.62 GB,1:43:47,hevc,aac,1920x1080
Onward.2020.1080p.BluRay.x265.mp4,.mp4,1.60 GB,1:42:21,hevc,aac,1920x804
Ratatouille.2007.1080p.BluRay.x265.mp4,.mp4,1.72 GB,1:50:33,hevc,aac,1920x802
Soul.2020.1080p.BluRay.x265.mp4,.mp4,1.57 GB,1:40:32,hevc,aac,1920x804
The.Good.Dinosaur.2015.1080p.BluRay.x265.mp4,.mp4,1.46 GB,1:33:38,hevc,aac,1920x804
The.Incredibles.1.2004.1080p.BluRay.x265.mp4,.mp4,1.80 GB,1:55:25,hevc,aac,1920x802
The.Incredibles.2.2018.1080p.BluRay.x265.mp4,.mp4,1.84 GB,1:57:50,hevc,aac,1920x804
Toy.Story.1.1995.1080p.BluRay.x265.srt.mp4,.mp4,1.26 GB,1:21:03,hevc,aac,1920x1080
Toy.Story.2.1999.1080p.BluRay.x265.mp4,.mp4,1.44 GB,1:32:25,hevc,aac,1920x1080
Toy.Story.3.2010.1080p.BluRay.x265.mp4,.mp4,1.60 GB,1:42:33,hevc,aac,1920x1080
Toy.Story.4.2019.1080p.BluRay.x265.mp4,.mp4,1.56 GB,1:40:03,hevc,aac,1920x804
Turning.Red.2022.1080p.BluRay.x265.mp4,.mp4,1.55 GB,1:39:40,hevc,aac,1920x1036
Up.2009.1080p.BluRay.x265.mp4,.mp4,1.50 GB,1:36:07,hevc,aac,1920x1080
WALL-E.2008.1080p.BluRay.x265.mp4,.mp4,1.53 GB,1:38:16,hevc,aac,1920x802
The.Polar.Express.2004.1080p.BluRay.1400MB.DD5.1.x264-GalaxyRG.mkv,.mkv,1.63 GB,1:39:54,h264,ac3,1920x804
Droga.mp4,.mp4,2.04 GB,1:51:20,h264,aac,1280x544
Mad Max - Fury Road.mp4,.mp4,1.87 GB,2:00:23,hevc,aac,1920x800
Ładunek.mp4,.mp4,1.87 GB,1:43:36,h264,aac,1280x572
2012.2009.BluRay.1080p.x264.YIFY.mp4,.mp4,1.70 GB,2:37:49,h264,aac,1920x816
Knowing.2009.1080p.Bluray.OPUS.7.1.H265-TSP.mkv,.mkv,2.61 GB,2:01:29,hevc,opus,1920x816
Signs.2002.1080p.BluRay.x264.YIFY.mp4,.mp4,1.64 GB,1:46:30,h264,aac,1920x1036
The.Core.2003.1080p.BrRip.x264.BOKUTOX.YIFY.mp4,.mp4,1.70 GB,2:14:57,h264,aac,1920x816
The.Day.After.Tomarrow.2004.1080p.BrRip.x264.YIFY.mp4,.mp4,1.70 GB,2:03:40,h264,aac,1920x816
The.Island.2005.1080p.BrRip.x264.YIFY.mp4,.mp4,1.90 GB,2:15:59,h264,aac,1920x800
The.Day.The.Earth.Stood.Still.2008.1080p.BluRay.H264.AAC.mp4,.mp4,1.97 GB,1:43:35,h264,aac,1920x816
Bird Box.mp4,.mp4,2.26 GB,2:04:22,h264,aac,1280x532
Brahms.The.Boy.II.2020.DC.1080p.BluRay.H264.AAC-RARBG.mp4,.mp4,1.73 GB,1:30:44,h264,aac,1920x804
Coś 2011.mp4,.mp4,1.31 GB,1:38:51,h264,aac,1024x576
Dom strachów (Haunt)2019.mp4,.mp4,1.43 GB,1:32:10,hevc,aac,1920x800
Don't breathe 1.mp4,.mp4,1.82 GB,1:28:32,h264,aac,1280x534
Don't breathe 2.mp4,.mp4,0.98 GB,1:38:03,h264,aac,854x356
Escape Room 2019.mp4,.mp4,1.55 GB,1:39:38,hevc,aac,1920x804
Escape Room 2021.mp4,.mp4,1.37 GB,1:28:03,hevc,aac,1920x804
Krzyk 2.mp4,.mp4,1.05 GB,2:00:11,h264,aac,1280x720
Krzyk.mp4,.mp4,0.75 GB,1:46:25,h264,aac,854x364
Orphan.2009.1080p.BluRay.x265.mp4,.mp4,1.92 GB,2:03:05,hevc,aac,1920x1080
Orphan.2022.1080p.WEBRip.x265.mp4,.mp4,1.53 GB,1:38:25,hevc,aac,1920x1040
Quiet Place 2.mp4,.mp4,0.97 GB,1:37:02,h264,aac,854x356
Sinister.mp4,.mp4,1.98 GB,1:49:38,h264,aac,1920x792
The Boy 2016.mp4,.mp4,1.86 GB,1:37:47,h264,aac,1920x800
Dead.Silence.2007.1080p.BluRay.x264.YIFY.mp4,.mp4,1.44 GB,1:31:30,h264,aac,1920x800
Anna.2019.1080p.BluRay.x265.mp4,.mp4,1.85 GB,1:58:59,hevc,aac,1920x804
Atlas chmur.mp4,.mp4,3.17 GB,2:52:07,h264,aac,1280x532
Avatar.2009.EXTENDED.1080p.BluRay.x265.mp4,.mp4,2.78 GB,2:58:06,hevc,aac,1916x1078
Bez litości 2.mp4,.mp4,1.38 GB,2:00:57,h264,aac,854x356
Cloud.Atlas.2012.1080p.BluRay.x265.mp4,.mp4,2.68 GB,2:51:57,hevc,aac,1920x800
Dune.2021.1080p.WEBRip.x265.mp4,.mp4,2.42 GB,2:35:25,hevc,aac,1920x800
Fantomas kontra Scotland Yard.mp4,.mp4,1.88 GB,1:40:58,h264,aac,1280x544
Gattaca.mp4,.mp4,0.99 GB,1:46:27,h264,aac,854x356
Incepcja.mp4,.mp4,2.72 GB,2:28:07,h264,aac,1280x528
Jeździec znikąd.mp4,.mp4,2.75 GB,2:29:33,h264,aac,1280x534
Joker.mp4,.mp4,1.10 GB,2:01:48,h264,aac,854x470
Lucy.2014.1080p.BluRay.x265.mp4,.mp4,1.39 GB,1:29:20,hevc,aac,1920x804
Maverick.1994.1080p.BluRay.x265.mp4,.mp4,1.97 GB,2:06:36,hevc,aac,1920x800
The.Equalizer.3.2023.1080p.WEBRip.DDP5.1.x265.10bit-GalaxyRG265.mkv,.mkv,1.87 GB,1:48:57,hevc,eac3,1920x800
The.Imitation.Game.2014.1080p.BluRay.x264.mp4,.mp4,1.84 GB,1:54:13,h264,aac,1920x800
The.Theory.of.Everything.2014.1080p.BluRay.x264.mp4,.mp4,1.85 GB,2:03:25,h264,aac,1920x800
Till.2022.1080p.BluRay.x265.mp4,.mp4,2.04 GB,2:10:41,hevc,aac,1920x804
Venom 2.mp4,.mp4,1.52 GB,1:37:33,hevc,aac,1920x1040
Venom.mp4,.mp4,1.14 GB,1:52:08,h264,aac,854x356
Wyprawa po życie.mp4,.mp4,0.38 GB,1:32:58,h264,aac,640x358
Alice.in.Wonderland.2010.1080p.BluRay.x265.mp4,.mp4,1.69 GB,1:48:34,hevc,aac,1920x1080
Alice.Through.the.Looking.Glass.2016.1080p.BluRay.H264.AAC.mp4,.mp4,2.15 GB,1:52:57,h264,aac,1920x1040
Damsel.2024.1080p.WEBRip.1400MB.DD5.1.x264-GalaxyRG.mkv,.mkv,1.40 GB,1:49:33,h264,ac3,1920x800
Dragonfly.2002.1080p.BluRay.x264.AAC5.1-[YTS.MX].mp4,.mp4,1.92 GB,1:44:20,h264,aac,1920x816
Mr.Nobody.2009.EXTENDED.1080p.BluRay.x265-RARBG.mp4,.mp4,2.43 GB,2:35:54,hevc,aac,1920x820
The.Age.of.Adaline.2015.1080p.BluRay.x265.mp4,.mp4,1.75 GB,1:52:44,hevc,aac,1920x800
The.Sorcerers.Apprentice.2010.1080p.BluRay.x264.AAC5.1-[YTS.MX].mp4,.mp4,2.01 GB,1:49:02,h264,aac,1920x800
The.Beach.2000.1080p.WEBRip.x265-RARBG.mp4,.mp4,1.85 GB,1:59:04,hevc,aac,1920x800
Ace Ventura - Zew natury.mp4,.mp4,0.83 GB,1:30:06,h264,aac,854x364
Atomowy amant.mp4,.mp4,2.55 GB,1:52:06,h264,aac,1728x720
Austin.Powers.Goldmember.2002.1080p.Brrip.x264.Deceit.mp4,.mp4,1.50 GB,1:34:31,h264,aac,1920x816
Austin.Powers.International.Man.of.Mystery.1997.1080p.Brrip.x264.Deceit.mp4,.mp4,1.50 GB,1:29:35,h264,aac,1920x816
Austin.Powers.The.Spy.Who.Shagged.Me.1999.1080p.Brrip.x264.Deceit.mp4,.mp4,1.50 GB,1:35:02,h264,aac,1920x816
Ballada o Busterze Scruggsie.mp4,.mp4,2.43 GB,2:13:18,h264,aac,1280x688
Bracia Przyrodni.mp4,.mp4,0.77 GB,1:41:13,h264,aac,656x272
Dyktator.mp4,.mp4,0.73 GB,1:23:12,h264,aac,854x364
Emma.2020.1080p.BluRay.x265.mp4,.mp4,1.94 GB,2:04:20,hevc,aac,1920x1080
Family man.mp4,.mp4,2.48 GB,2:05:54,h264,aac,1280x544
Grimsby.mp4,.mp4,1.00 GB,1:23:15,h264,aac,854x362
Głupi i głupszy 2.mp4,.mp4,1.63 GB,1:49:30,h264,aac,1280x690
Głupi i głupszy.mp4,.mp4,2.09 GB,1:52:49,h264,aac,1280x720
Idiokracja.mp4,.mp4,0.55 GB,1:24:12,h264,aac,854x474
Jestem na tak.mp4,.mp4,0.68 GB,1:44:23,h264,aac,854x480
Mój przyjaciel Marsjanin.mp4,.mp4,1.67 GB,1:29:44,h264,aac,1280x692
Narzeczony mimo woli.mp4,.mp4,1.00 GB,1:47:47,h264,aac,854x356
No.Hard.Feelings.2023.1080p.BluRay.DDP5.1.x265.10bit-GalaxyRG265.mkv,.mkv,2.65 GB,1:43:23,hevc,eac3,1920x1036
Rain.Man.1988.REMASTERED.1080p.BluRay.x265.mp4,.mp4,2.09 GB,2:13:52,hevc,aac,1920x1036
Rodzinka Adamsów.mp4,.mp4,1.84 GB,1:39:36,h264,aac,1280x684
The.Addams.Family.1991.EXTENDED.1080p.BluRay.x265.mp4,.mp4,1.58 GB,1:41:26,hevc,aac,1920x1036
The.Addams.Family.1993.1080p.BluRay.x265.mp4,.mp4,1.47 GB,1:34:12,hevc,aac,1916x1080
The.Hot.Chick.2002.1080p.WEBRip.x264.mp4,.mp4,1.66 GB,1:44:23,h264,aac,1904x1024
Wielki podryw.mp4,.mp4,1.09 GB,1:57:42,h264,aac,854x494
You.Dont.Mess.with.the.Zohan.2008.1080p.BluRay.x265.mp4,.mp4,1.82 GB,1:56:53,hevc,aac,1920x1040
Big.Daddy.1999.1080p.BluRay.x264-[YTS.AG].mp4,.mp4,1.40 GB,1:33:04,h264,aac,1920x1040
Click.2006.1080p.BluRay.x264.mp4,.mp4,1.64 GB,1:47:31,h264,aac,1920x1040
Happy.Gilmore.1996.1080p.BluRay.x264.AAC5.1-[YTS.MX].mp4,.mp4,1.70 GB,1:31:56,h264,aac,1920x1040
jackass.the.movie.2002.internal.web.h264-elevate.mkv,.mkv,1.85 GB,1:24:58,h264,eac3,720x576
Mousehunt.1997.1080P.H265-Zero00.mkv,.mkv,0.53 GB,1:37:34,hevc,aac,1916x1072
Movie.43.2013.1080p.BluRay.x265-RARBG.mp4,.mp4,1.53 GB,1:38:01,hevc,aac,1920x1040
Mr..Deeds.2002.1080p.BluRay.x264.AAC5.1.mp4,.mp4,1.78 GB,1:36:36,h264,aac,1920x1040
The Witcher - Nightmare of the Wolf.mp4,.mp4,1.28 GB,1:23:34,h264,eac3,1280x720
Transcendence 2014 1080p BluRay x265.mp4,.mp4,1.86 GB,1:59:16,hevc,aac,1920x800
Zabójczy Numer (Lucky Number Slevin).mp4,.mp4,0.68 GB,1:49:51,mpeg4,mp3,576x240
John Carter 2012 (60 FPS) [720p BDRip AC3DTS-HDMA 7 1 x264 mkv] [Napisy Lektor PL] [SZCZYKU].mkv,.mkv,12.07 GB,2:12:01,h264,ac3,1280x534
John.Carter.2012.1080p.BluRay.x265-RARBG.mp4,.mp4,2.06 GB,2:12:01,hevc,aac,1920x800
What.is.a.Woman.2022.1080p.WEBRip.x265-RARBG.mp4,.mp4,1.48 GB,1:34:56,hevc,aac,1920x1080
1.Alien.vs.Predator.2004.1080p.BluRay.x265.mp4,.mp4,1.69 GB,1:48:40,hevc,aac,1920x818
2.Aliens.vs.Predator.Requiem.2007.1080p.BluRay.x265.mp4,.mp4,1.57 GB,1:41:05,hevc,aac,1920x800
3.Prometheus.2012.1080p.BluRay.x265.mp4,.mp4,1.93 GB,2:03:46,hevc,aac,1920x800
4.Alien.Covenant.2017.1080p.BluRay.x265.mp4,.mp4,1.90 GB,2:02:03,hevc,aac,1920x800
5.Alien.1.1979.1080p.BluRay.x265.mp4,.mp4,1.82 GB,1:56:37,hevc,aac,1920x800
6.Alien.2.1986.1080p.BluRay.x265.mp4,.mp4,2.41 GB,2:34:27,hevc,aac,1920x1036
7.Alien.3.1992.1080p.BluRay.x265.mp4,.mp4,2.26 GB,2:24:52,hevc,aac,1920x810
8.Alien.4.1997.1080p.BluRay.x265.mp4,.mp4,1.81 GB,1:56:08,hevc,aac,1920x820
.1 - Fantastic Beasts and Where to Find Them.mp4,.mp4,2.07 GB,2:12:52,hevc,aac,1920x800
.2 - Fantastic Beasts The Crimes Of Grindelwald.mp4,.mp4,2.20 GB,2:20:59,hevc,aac,1920x800
.3 - Fantastic Beasts The Secrets of Dumbledore.mp4,.mp4,1.36 GB,2:22:32,h264,aac,720x300
1.Harry Potter And The Sorcerers Stone 2001 EXTENDED 1080p BluRay x265.mp4,.mp4,2.48 GB,2:38:50,hevc,aac,1918x796
2.Harry Potter And The Chamber of Secrets 2002 EXTENDED 1080p BluRay x265.mp4,.mp4,2.72 GB,2:54:24,hevc,aac,1920x800
3.Harry.Potter.and.the.Prisoner.of.Azkaban.2004.2160p.UHD.BluRay.x265.10bit.HDR.DDP5.1.mp4,.mp4,8.70 GB,2:21:43,hevc,eac3,3840x1600
4.Harry.Potter.and.the.Goblet.of.Fire.2005.1080p.BluRay.x265.mp4,.mp4,2.59 GB,2:37:05,hevc,aac,1916x798
5.Harry.Potter.and.the.Order.of.the.Phoenix.2007.1080p.BluRay.x265.mp4,.mp4,2.27 GB,2:18:14,hevc,aac,1918x796
6.Harry.Potter.and.the.Half.Blood.Prince.2009.1080p.BluRay.x265.mp4,.mp4,2.53 GB,2:33:31,hevc,aac,1920x800
7.Harry.Potter.And.The.Deathly.Hallows.Part.1.2010.1080p.BluRay.x265.mp4,.mp4,2.41 GB,2:26:05,hevc,aac,1920x800
8.Harry.Potter.And.The.Deathly.Hallows.Part.2.2011.1080p.BluRay.H264.AAC.mp4,.mp4,2.63 GB,2:10:26,h264,aac,1920x800
01-The.Hobbit.An.Unexpected.Journey.2012.EXTENDED.REMASTERED.1080p.BluRay.H264.AAC.mp4,.mp4,3.48 GB,3:02:29,h264,aac,1920x804
02-The.Hobbit.The.Desolation.of.Smaug.2013.EXTENDED.1080p.BluRay.x265.mp4,.mp4,2.91 GB,3:06:35,hevc,aac,1920x800
03-The.Hobbit.The.Battle.of.the.Five.Armies.2014.EXTENDED.REMASTERED.1080p.BluRay.H264.AAC.mp4,.mp4,3.13 GB,2:44:00,h264,aac,1920x804
1. Indiana.Jones.Raiders.Of.The.Lost.Ark.1981.PROPER.Bluray.1080p.AV1.OPUS.5.1-UH.mkv,.mkv,5.01 GB,1:55:18,av1,opus,1920x816
2. Indiana.Jones.And.The.Temple.Of.Doom.1984.PROPER.Bluray.1080p.AV1.OPUS.5.1-UH.mkv,.mkv,4.48 GB,1:58:28,av1,opus,1920x816
3. Indiana.Jones.And.The.Last.Crusade.1989.PROPER.Bluray.1080p.AV1.OPUS.5.1-UH.mkv,.mkv,4.70 GB,2:06:53,av1,opus,1920x816
4. Indiana.Jones.And.The.Crystal.Skull.2008.Bluray.1080p.AV1.OPUS.5.1-UH.mkv,.mkv,4.54 GB,2:02:32,av1,opus,1920x800
5. Indiana.Jones.And.The.Dial.Of.Destiny.2023.Bluray.1080p.AV1.OPUS.7.1-UH.mkv,.mkv,6.45 GB,2:34:28,av1,opus,1918x804
John.Wick.2014.1080p.BluRay.x265.mp4,.mp4,1.58 GB,1:41:12,hevc,aac,1920x800
John.Wick.Chapter.2.2017.1080p.BluRay.x265.mp4,.mp4,1.91 GB,2:02:22,hevc,aac,1920x800
John.Wick.Chapter.3.Parabellum.2019.1080p.BluRay.x265.mp4,.mp4,2.04 GB,2:10:45,hevc,aac,1920x800
01-The.Lord.of.the.Rings.The.Fellowship.of.the.Ring.2001.EXTENDED.1080p.BluRay.x265.mp4,.mp4,3.56 GB,3:48:11,hevc,aac,1920x800
02-The.Lord.of.the.Rings.The.Two.Towers.2002.EXTENDED.PROPER.1080p.BluRay.H264.AAC.mp4,.mp4,4.49 GB,3:55:31,h264,aac,1920x800
03-The.Lord.of.the.Rings.The.Return.of.the.King.2003.EXTENDED.PROPER.1080p.BluRay.H264.AAC.mp4,.mp4,5.02 GB,4:23:16,h264,aac,1920x800
The.Lord.Of.The.Rings.The.War.Of.The.Rohirrim.2024.1080p.WEBRip.10Bit.DDP5.1.x265-Asiimov.mkv,.mkv,1.77 GB,2:14:14,hevc,eac3,1920x800
1.The.Matrix.1999.1080p.BrRip.x264.YIFY.mp4,.mp4,1.86 GB,2:16:17,h264,aac,1920x800
2.The.Matrix.Reloaded.2003.1080p.BrRip.x264.YIFY.mp4,.mp4,1.85 GB,2:18:15,h264,aac,1920x800
3.The.Matrix.Revolutions.2003.1080p.BrRip.x264.YIFY.mp4,.mp4,1.85 GB,2:09:15,h264,aac,1920x800
4.Matrix 4.mp4,.mp4,2.30 GB,2:27:54,hevc,aac,1920x804
Animatrix (2003) AC3 5.1 ITA.ENG 1080p H265 sub NUita.eng Sp33dy94-MIRCrew.mkv,.mkv,2.68 GB,1:40:50,hevc,ac3,1920x802
Men.in.Black.1.1997.1080p.BluRay.x265.mp4,.mp4,1.53 GB,1:37:58,hevc,aac,1920x1036
Men.in.Black.2.2002.1080p.BluRay.x265.mp4,.mp4,1.37 GB,1:28:08,hevc,aac,1916x1040
Men.in.Black.3.2012.1080p.BluRay.x265.mp4,.mp4,1.65 GB,1:45:50,hevc,aac,1920x1040
Men.in.Black.4.2019.1080p.BluRay.x265.mp4,.mp4,1.79 GB,1:54:49,hevc,aac,1920x956
Park Jurajski 1.mp4,.mp4,1.12 GB,2:01:18,h264,aac,854x446
Park Jurajski 2.mp4,.mp4,2.38 GB,2:08:46,h264,aac,1280x694
Park Jurajski 3.mp4,.mp4,2.17 GB,1:32:20,h264,aac,1280x688
Jurassic.Park.1993.REMASTERED.PROPER.1080p.BluRay.x265.mp4,.mp4,1.97 GB,2:06:28,hevc,aac,1920x1038
Pirates.Of.The.Caribbean.2003.1080p.BluRay.x265.mp4,.mp4,2.23 GB,2:23:14,hevc,aac,1916x800
Pirates.Of.The.Caribbean.2006.1080p.BluRay.x265.mp4,.mp4,2.35 GB,2:30:39,hevc,aac,1920x802
Pirates.Of.The.Caribbean.2007.1080p.BluRay.x265.mp4,.mp4,2.63 GB,2:48:31,hevc,aac,1920x800
Pirates.Of.The.Caribbean.2011.1080p.BluRay.x265.mp4,.mp4,2.13 GB,2:16:23,hevc,aac,1920x800
Pirates.Of.The.Caribbean.2017.1080p.BluRay.x265.mp4,.mp4,2.01 GB,2:09:07,hevc,aac,1920x800
0.Planet.of.the.Apes.2001.1080p.BluRay.x265.mp4,.mp4,1.87 GB,1:59:58,hevc,aac,1918x818
1.Rise.of.the.Planet.of.the.Apes.2011.1080p.BluRay.x265.mp4,.mp4,1.63 GB,1:44:56,hevc,aac,1920x816
2.Dawn.of.the.Planet.of.the.Apes.2014.1080p.BluRay.x265.mp4,.mp4,2.03 GB,2:10:24,hevc,aac,1920x1036
3.War.for.the.Planet.of.the.Apes.2017.1080p.BluRay.x265.mp4,.mp4,2.18 GB,2:20:09,hevc,aac,1920x800
Star.Trek.2009.1080p.BluRay.DDP.7.1.x265-EDGE2020.mkv,.mkv,5.50 GB,2:06:50,hevc,eac3,1920x800
Star.Trek.Beyond.2016.1080p.BluRay.DDP.7.1.x265-EDGE2020.mkv,.mkv,3.45 GB,2:02:22,hevc,eac3,1920x800
Star.Trek.Into.Darkness.2013.1080p.BluRay.DDP.7.1.x265-EDGE2020.mkv,.mkv,5.38 GB,2:12:06,hevc,eac3,1912x800
Terminator 1.mp4,.mp4,1.91 GB,1:43:00,h264,aac,1280x720
Terminator 2.mp4,.mp4,0.62 GB,2:26:24,h264,aac,640x272
Terminator 3.mp4,.mp4,1.96 GB,1:49:06,h264,aac,1280x528
Terminator 6.mp4,.mp4,2.33 GB,2:06:49,h264,aac,1280x536
1.Pitch.Black.2000.REMASTERED.1080p.BluRay.x265.mp4,.mp4,1.74 GB,1:51:45,hevc,aac,1920x816
2.The.Chronicles.of.Riddick.Dark.Fury.2004.1080p.BluRay.x264.mp4,.mp4,1.34 GB,0:39:49,h264,ac3,1920x1038
3.The.Chronicles.of.Riddick.2004.1080p.BluRay.x265.mp4,.mp4,2.09 GB,2:14:06,hevc,aac,1916x800
4.Riddick.2013.EXTENDED.1080p.BluRay.x265.mp4,.mp4,1.98 GB,2:06:46,hevc,aac,1920x800
Transformers 1080p 51 (60fps ) 1080p - CDA.mp4,.mp4,4.75 GB,2:23:30,h264,aac,1920x800
01 - First Class (2011).mp4,.mp4,1.22 GB,2:11:42,h264,aac,854x364
02 - Days Of Future Past(2014).mp4,.mp4,1.21 GB,2:11:34,h264,aac,854x358
Deadpool 2.mp4,.mp4,2.20 GB,1:59:20,h264,aac,1280x536
Deadpool.mp4,.mp4,1.98 GB,1:48:06,h264,aac,1280x534
Logan.mkv,.mkv,1.08 GB,2:17:28,h264,aac,1280x720
The Wolverine (2013).mkv,.mkv,1.09 GB,2:18:18,h264,aac,1280x720
X-Men  - Dark Phoenix.mkv,.mkv,0.85 GB,1:53:53,h264,aac,1280x720
X-Men - The Last Stand.mp4,.mp4,1.10 GB,1:39:49,h264,aac,854x342
X-Men Origins - Wolverine.mkv,.mkv,0.84 GB,1:47:20,h264,aac,1280x720
X-Men.mkv,.mkv,0.76 GB,1:44:24,h264,aac,1280x720
X2 - X-men United.mp4,.mp4,1.47 GB,2:13:47,h264,aac,854x362
Paranormal.Activity.The.Marked.Ones.2014.1080p.BluRay.x264.YIFY.mp4,.mp4,1.63 GB,1:41:04,h264,aac,1920x1080
Paranormal.Activity.The.Ghost.Dimension.2015.1080p.BluRay.x264.[YTS.AG].mp4,.mp4,1.48 GB,1:37:22,h264,aac,1870x1040
Paranormal.Activity.Next.Of.Kin.2021.1080p.BluRay.x264.AAC5.1-[YTS.MX].mp4,.mp4,1.81 GB,1:38:15,h264,aac,1920x804
Sonic.The.Hedgehog.2.2022.1080p.BluRay.AV1-SWAXXON.mkv,.mkv,2.42 GB,2:04:36,av1,aac,1920x804
A.Haunted.House.2013.1080p.BRrip.x264.GAZ.YIFY.mp4,.mp4,1.39 GB,1:26:25,h264,aac,1920x1040
Paranormal.Activity.2007.1080p.BluRay.x264.AAC5.1-[YTS.MX].mp4,.mp4,1.59 GB,1:26:17,h264,aac,1920x1080
